{"alwaysOnTop":false,"backgroundColor":null,"basicAuthPassword":null,"basicAuthUsername":null,"bounce":false,"clearCache":false,"counter":false,"darwinDarkModeSupport":false,"disableGpu":false,"diskCacheSize":null,"enableEs3Apis":false,"fastQuit":false,"flashPluginDir":null,"fullScreen":false,"globalShortcuts":null,"height":800,"ignoreCertificate":false,"ignoreGpuBlacklist":false,"insecure":false,"internalUrls":null,"maximize":false,"name":"#NotTheOnlyOne","nativefierVersion":"9.1.0","proxyRules":null,"showMenuBar":false,"singleInstance":false,"targetUrl":"https://test.nottheonlyone.org/","titleBarStyle":null,"tray":false,"userAgent":"Mozilla/5.0 (Macintosh; Intel Mac OS X 10_12_5) AppleWebKit/537.36 (KHTML, like Gecko) Chrome/83.0.4103.122 Safari/537.36","width":1280,"win32metadata":{"ProductName":"#NotTheOnlyOne","InternalName":"#NotTheOnlyOne","FileDescription":"#NotTheOnlyOne"},"zoom":1}